Company,LinkedIn URL,Connection Message,Followup Message,Status
"Utility","https://www.linkedin.com/company/utility-agency","Hi — noticed Utility does solid work. Quick question about how you handle overflow projects. Open to connect?","Thanks for connecting. Quick one — when Utility has more projects than your team can handle, what happens to the overflow? We help agencies keep those clients in-house. Worth a 10-min chat sometime?",T2 Sent
"Infinum","linkedin.com/company/infinum","Hey — Infinum caught my eye. Curious how you manage capacity during peak months. Would love to connect.","Thanks for connecting. Quick one — when Infinum has more projects than your team can handle, what happens to the overflow? We help agencies keep those clients in-house. Worth a 10-min chat sometime?",T2 Sent
"Itransition","https://www.linkedin.com/company/itransition/","Hi — saw Itransition's work. Quick thought on white label capacity. Mind if I connect?","Thanks for connecting. Quick one — when Itransition has more projects than your team can handle, what happens to the overflow? We help agencies keep those clients in-house. Worth a 10-min chat sometime?",T2 Sent
"Diffco","https://www.linkedin.com/company/diffco/","Hi — noticed Diffco does solid work. Quick question about how you handle overflow projects. Open to connect?","Thanks for connecting. Quick one — when Diffco has more projects than your team can handle, what happens to the overflow? We help agencies keep those clients in-house. Worth a 10-min chat sometime?",T2 Sent
"Azumo","https://www.linkedin.com/company/azumo-llc/","Hi — noticed Azumo does solid work. Quick question about how you handle overflow projects. Open to connect?","Thanks for connecting. Quick one — when Azumo has more projects than your team can handle, what happens to the overflow? We help agencies keep those clients in-house. Worth a 10-min chat sometime?",T2 Sent
"Merixstudio","https://www.linkedin.com/company/merixstudio/","Hey — Merixstudio caught my eye. Curious how you manage capacity during peak months. Would love to connect.","Thanks for connecting. Quick one — when Merixstudio has more projects than your team can handle, what happens to the overflow? We help agencies keep those clients in-house. Worth a 10-min chat sometime?",T2 Sent
"Cheesecake Labs","linkedin.com/company/cheesecake-labs","Hi — noticed Cheesecake Labs does solid work. Quick question about how you handle overflow projects. Open to connect?","Thanks for connecting. Quick one — when Cheesecake Labs has more projects than your team can handle, what happens to the overflow? We help agencies keep those clients in-house. Worth a 10-min chat sometime?",T2 Sent
"Fulcrum","https://www.linkedin.com/company/fulcrum-product/","Hi — noticed Fulcrum does solid work. Quick question about how you handle overflow projects. Open to connect?","Thanks for connecting. Quick one — when Fulcrum has more projects than your team can handle, what happens to the overflow? We help agencies keep those clients in-house. Worth a 10-min chat sometime?",T2 Sent
"MOBIKASA","https://www.linkedin.com/company/mobikasa/","Hey — MOBIKASA caught my eye. Curious how you manage capacity during peak months. Would love to connect.","Thanks for connecting. Quick one — when MOBIKASA has more projects than your team can handle, what happens to the overflow? We help agencies keep those clients in-house. Worth a 10-min chat sometime?",T2 Sent
"Ancient","https://www.linkedin.com/company/46607799/","Hi — saw Ancient's work. Quick thought on white label capacity. Mind if I connect?","Thanks for connecting. Quick one — when Ancient has more projects than your team can handle, what happens to the overflow? We help agencies keep those clients in-house. Worth a 10-min chat sometime?",T2 Sent
"Plavno","https://www.linkedin.com/company/plavno/","Hi — noticed Plavno does solid work. Quick question about how you handle overflow projects. Open to connect?","Thanks for connecting. Quick one — when Plavno has more projects than your team can handle, what happens to the overflow? We help agencies keep those clients in-house. Worth a 10-min chat sometime?",T2 Sent
"Lumitech","linkedin.com/company/lumitech-fzco","Hi — saw Lumitech's work. Quick thought on white label capacity. Mind if I connect?","Thanks for connecting. Quick one — when Lumitech has more projects than your team can handle, what happens to the overflow? We help agencies keep those clients in-house. Worth a 10-min chat sometime?",T2 Sent
"SPD Technology","https://www.linkedin.com/company/spdtechnology/","Hi — noticed SPD Technology does solid work. Quick question about how you handle overflow projects. Open to connect?","Thanks for connecting. Quick one — when SPD Technology has more projects than your team can handle, what happens to the overflow? We help agencies keep those clients in-house. Worth a 10-min chat sometime?",T2 Sent
"Kindgeek","https://www.linkedin.com/company/kindgeek/","Hey — Kindgeek caught my eye. Curious how you manage capacity during peak months. Would love to connect.","Thanks for connecting. Quick one — when Kindgeek has more projects than your team can handle, what happens to the overflow? We help agencies keep those clients in-house. Worth a 10-min chat sometime?",T2 Sent
"TRooTech Business Solutions","https://www.linkedin.com/company/trootech/","Hi — noticed TRooTech Business Solutions does solid work. Quick question about how you handle overflow projects. Open to connect?","Thanks for connecting. Quick one — when TRooTech Business Solutions has more projects than your team can handle, what happens to the overflow? We help agencies keep those clients in-house. Worth a 10-min chat sometime?",T2 Sent
"Flux IT","https://www.linkedin.com/company/fluxit/","Hi — noticed Flux IT does solid work. Quick question about how you handle overflow projects. Open to connect?","Thanks for connecting. Quick one — when Flux IT has more projects than your team can handle, what happens to the overflow? We help agencies keep those clients in-house. Worth a 10-min chat sometime?",T2 Sent
"Activeone","linkedin.com/company/activeone","Hi — saw Activeone's work. Quick thought on white label capacity. Mind if I connect?","Thanks for connecting. Quick one — when Activeone has more projects than your team can handle, what happens to the overflow? We help agencies keep those clients in-house. Worth a 10-min chat sometime?",T2 Sent
"DHDTech.io","https://www.linkedin.com/in/diogohudsondias/","Hi — saw DHDTech.io's work. Quick thought on white label capacity. Mind if I connect?","Thanks for connecting. Quick one — when DHDTech.io has more projects than your team can handle, what happens to the overflow? We help agencies keep those clients in-house. Worth a 10-min chat sometime?",T2 Sent
"Techstack company","https://www.linkedin.com/company/techstack-limited","Hi — saw Techstack company's work. Quick thought on white label capacity. Mind if I connect?","Thanks for connecting. Quick one — when Techstack company has more projects than your team can handle, what happens to the overflow? We help agencies keep those clients in-house. Worth a 10-min chat sometime?",T2 Sent
"Redlab agency","https://www.linkedin.com/company/redlab-bz","Hi — saw Redlab agency's work. Quick thought on white label capacity. Mind if I connect?","Thanks for connecting. Quick one — when Redlab agency has more projects than your team can handle, what happens to the overflow? We help agencies keep those clients in-house. Worth a 10-min chat sometime?",T2 Sent
